hmin,hmaj,clustering,reciprocity
0,-0.1,0.0864999544871084,0.0211
0,-0.1,0.08673943712496653,0.0184
0,-0.1,0.08665926649387073,0.0212
0,-0.1,0.08689184396156023,0.017
0,-0.1,0.08710158656451637,0.0196
0,-0.1,0.08646717631250733,0.0203
0,-0.1,0.08690075459740444,0.0226
0,-0.1,0.08632157062243392,0.0193
0,-0.1,0.0869631002804971,0.0211
0,-0.1,0.08665264917174817,0.0188
0,-0.1,0.08704752792682051,0.0192
0,-0.1,0.08674791260617631,0.0232
0,-0.1,0.0867569338088077,0.0223
0,-0.1,0.08706552620827024,0.0227
0,-0.1,0.08709964477130383,0.0194
0,-0.1,0.08655725002755542,0.0177
0,-0.1,0.08650841543485267,0.0204
0,-0.1,0.08684689960332898,0.0192
0,-0.1,0.08673667155368384,0.0209
0,-0.1,0.08717590903016968,0.0206
0,-0.1,0.0868071753801834,0.0206
0,-0.1,0.08710414162932634,0.0209
0,-0.1,0.08697923456513222,0.0177
0,-0.1,0.0864107572433139,0.0187
0,-0.1,0.08611353171320413,0.0197
0,-0.1,0.08605088428986024,0.0188
0,-0.1,0.08604294301493312,0.0219
0,-0.1,0.08630377710086977,0.0171
0,-0.1,0.08698234928264956,0.0175
0,-0.1,0.08674787749375105,0.0211
0,-0.1,0.08655659922206951,0.019
0,-0.1,0.08644546662540287,0.0187
0,-0.1,0.08619376486632736,0.0195
0,-0.1,0.0865498986811727,0.0215
0,-0.1,0.08604094953346755,0.0205
0,-0.1,0.0862940587229111,0.0185
0,-0.1,0.08688444399061176,0.0191
0,-0.1,0.08713117080407241,0.0209
0,-0.1,0.08660742175975619,0.0185
0,-0.1,0.08712799377936385,0.0188
0,-0.1,0.08674057106513927,0.0211
0,-0.1,0.08692953722259092,0.0215
0,-0.1,0.08705009303657672,0.0201
0,-0.1,0.08630831547128823,0.0205
0,-0.1,0.08660994893187089,0.0226
0,-0.1,0.08690315803742256,0.0194
0,-0.1,0.0871030855575197,0.0213
0,-0.1,0.08670736044180676,0.0205
0,-0.1,0.08640259835155127,0.0224
0,-0.1,0.0866998728008759,0.0192
0,-0.1,0.08623887195725499,0.0204
0,-0.1,0.08657864724911428,0.0208
0,-0.1,0.08632481610188548,0.0207
0,-0.1,0.08735077475509091,0.0196
0,-0.1,0.08701337773315122,0.0208
0,-0.1,0.08708568388176911,0.02
0,-0.1,0.08678636667675096,0.0209
0,-0.1,0.08692318596720064,0.0215
0,-0.1,0.08601014336965203,0.0211
0,-0.1,0.08703035921515255,0.0214
0,-0.1,0.08673360753115232,0.0209
0,-0.1,0.08681460841114857,0.0201
0,-0.1,0.08702357814989539,0.0198
0,-0.1,0.08727884956287264,0.0227
0,-0.1,0.08640975389823674,0.0188
0,-0.1,0.08695214493758484,0.0208
0,-0.1,0.08750398461751685,0.0199
0,-0.1,0.08627815116819383,0.0211
0,-0.1,0.08667497564401297,0.02
0,-0.1,0.08644607467071694,0.0224
0,-0.1,0.08684312334415242,0.0205
0,-0.1,0.08669872929319576,0.0203
0,-0.1,0.08635615678630988,0.0189
0,-0.1,0.08638760358842046,0.0211
0,-0.1,0.0868999756030295,0.0211
0,-0.1,0.08745932763894451,0.0191
0,-0.1,0.08659346254055528,0.0202
0,-0.1,0.08628845234932844,0.0203
0,-0.1,0.08602875049709272,0.0184
0,-0.1,0.08647463430822284,0.0211
0,-0.1,0.0865485548378469,0.0195
0,-0.1,0.08660476343058038,0.0191
0,-0.1,0.08677495145012601,0.019
0,-0.1,0.08729636423337025,0.0205
0,-0.1,0.08680707343355377,0.0184
0,-0.1,0.08642790170572165,0.0211
0,-0.1,0.0863593765164528,0.0192
0,-0.1,0.08594761020927154,0.0184
0,-0.1,0.08675085402320684,0.0193
0,-0.1,0.08653075627729023,0.0195
0,-0.1,0.08643588369141111,0.0176
0,-0.2,0.1006387765897135,0.0201
0,-0.2,0.09973434161849475,0.0201
0,-0.2,0.10040716975510255,0.0197
0,-0.2,0.09996533708973268,0.0212
0,-0.2,0.1002695946796627,0.0219
0,-0.2,0.10023624797006489,0.0218
0,-0.2,0.10000422660120127,0.0197
0,-0.2,0.10035902887621335,0.0183
0,-0.2,0.10002523820957447,0.0205
0,-0.2,0.10023153919193255,0.023
0,-0.2,0.10045295272028129,0.0192
0,-0.2,0.0995259933332958,0.0213
0,-0.2,0.10019374288257517,0.0211
0,-0.2,0.10061187102058451,0.0198
0,-0.2,0.09998186759924191,0.0201
0,-0.2,0.1000268642419188,0.0214
0,-0.2,0.1008404932919036,0.0191
0,-0.2,0.10055388058300804,0.0186
0,-0.2,0.09956201029722891,0.0205
0,-0.2,0.09966496783129858,0.0208
0,-0.2,0.10096523729560326,0.0202
0,-0.2,0.10016055580666432,0.0188
0,-0.2,0.10107385812534962,0.019
0,-0.2,0.10030874092200465,0.0218
0,-0.2,0.10089092440950055,0.0205
0,-0.2,0.10028436035030124,0.0176
0,-0.2,0.10045859173639236,0.0188
0,-0.2,0.10003881069533054,0.0206
0,-0.2,0.09956298028603335,0.0208
0,-0.2,0.10053918159312789,0.0192
0,-0.2,0.10090652093283145,0.0208
0,-0.2,0.10070501361485372,0.021
0,-0.2,0.10046917973474072,0.0204
0,-0.2,0.09994047259467524,0.0205
0,-0.2,0.10074541996062594,0.0193
0,-0.2,0.10056120741539519,0.021
0,-0.2,0.10047211971203412,0.023
0,-0.2,0.09959964606400648,0.0197
0,-0.2,0.09946925462928564,0.0211
0,-0.2,0.10064798008543988,0.0212
0,-0.2,0.10054693460419353,0.0218
0,-0.2,0.1014063375019077,0.0179
0,-0.2,0.1006661279309294,0.0199
0,-0.2,0.10068287060049838,0.0194
0,-0.2,0.09981546292856887,0.0196
0,-0.2,0.10008663890656638,0.0198
0,-0.2,0.09970453320216191,0.0204
0,-0.2,0.10063697036580606,0.0222
0,-0.2,0.10041201171789645,0.0205
0,-0.2,0.09981045685830726,0.0188
0,-0.2,0.09964588881895088,0.0203
0,-0.2,0.09920706631158452,0.0182
0,-0.2,0.10001374622487333,0.0217
0,-0.2,0.10003821547468238,0.0201
0,-0.2,0.10018494192769839,0.0218
0,-0.2,0.10044868411196309,0.0196
0,-0.2,0.10093231130717274,0.0203
0,-0.2,0.1000623579128117,0.0188
0,-0.2,0.10082409344572715,0.0212
0,-0.2,0.10031962064232786,0.0221
0,-0.2,0.10027983113107258,0.0202
0,-0.2,0.10052664882365138,0.0196
0,-0.2,0.10089801820639258,0.021
0,-0.2,0.09986491935926814,0.0194
0,-0.2,0.09980922566086872,0.0215
0,-0.2,0.09973568735970516,0.0191
0,-0.2,0.09999827640008409,0.0195
0,-0.2,0.10019842910337938,0.0196
0,-0.2,0.10034019938736759,0.0201
0,-0.2,0.10026953518726084,0.0211
0,-0.2,0.10010531357644271,0.019
0,-0.2,0.10001786679200858,0.0218
0,-0.2,0.09973198720022637,0.0212
0,-0.2,0.09955437073808314,0.0199
0,-0.2,0.10065604984714939,0.0188
0,-0.2,0.09995704630257804,0.0218
0,-0.2,0.10002919033115491,0.0196
0,-0.2,0.09998058485269168,0.02
0,-0.2,0.10017515826310754,0.0199
0,-0.2,0.10069986835131367,0.0186
0,-0.2,0.1000781169492366,0.0207
0,-0.2,0.1007480379437647,0.0209
0,-0.2,0.10047573183054018,0.0203
0,-0.2,0.09989835923180813,0.0193
0,-0.2,0.09915372592520498,0.0194
0,-0.2,0.100049203264337,0.0203
0,-0.2,0.10082152890580687,0.0205
0,-0.2,0.09993031440375677,0.0179
0,-0.2,0.10005468848811132,0.0183
0,-0.2,0.0999775150510622,0.0211
0,-0.2,0.10028601709520854,0.0182
0,-0.3,0.11456095284337721,0.0217
0,-0.3,0.11379012744651999,0.0229
0,-0.3,0.11423353982199316,0.0212
0,-0.3,0.11455789442606137,0.0203
0,-0.3,0.11452871785377888,0.0204
0,-0.3,0.11459364716343312,0.0212
0,-0.3,0.11518319697555529,0.02
0,-0.3,0.11385283349737321,0.02
0,-0.3,0.11424509251811692,0.0203
0,-0.3,0.11556836291016603,0.0189
0,-0.3,0.11461248203570835,0.0187
0,-0.3,0.11438031237980371,0.0193
0,-0.3,0.11410010623693514,0.0212
0,-0.3,0.11507501201685189,0.0214
0,-0.3,0.11328648805859971,0.0207
0,-0.3,0.11539858587272714,0.023
0,-0.3,0.11467514618384608,0.0218
0,-0.3,0.11422380326703106,0.0198
0,-0.3,0.11470019281257292,0.021
0,-0.3,0.11475631063268454,0.0209
0,-0.3,0.11468225031893457,0.0193
0,-0.3,0.11486601434251537,0.0206
0,-0.3,0.11425725910998975,0.0216
0,-0.3,0.11467445286263457,0.0197
0,-0.3,0.11425410232273533,0.0209
0,-0.3,0.1141776913431629,0.0191
0,-0.3,0.11467687944844447,0.0195
0,-0.3,0.11490530339549065,0.0199
0,-0.3,0.11473235075880543,0.0196
0,-0.3,0.11479798342612757,0.0222
0,-0.3,0.11484681544911331,0.0211
0,-0.3,0.1147441222529752,0.0192
0,-0.3,0.11410815246167119,0.0212
0,-0.3,0.11410413902518429,0.0205
0,-0.3,0.11506487703631363,0.0206
0,-0.3,0.11452661207259496,0.021
0,-0.3,0.11427098339319809,0.0197
0,-0.3,0.1140855421225653,0.0198
0,-0.3,0.11489638115017434,0.0196
0,-0.3,0.11426650669190894,0.02
0,-0.3,0.11477238247273602,0.0231
0,-0.3,0.11497954385451095,0.0216
0,-0.3,0.11436528740137422,0.0192
0,-0.3,0.11422253856010794,0.0202
0,-0.3,0.11450344105648344,0.0193
0,-0.3,0.11431014106984105,0.0213
0,-0.3,0.11474932455738462,0.0204
0,-0.3,0.11437387740444711,0.0204
0,-0.3,0.11439980933835933,0.02
0,-0.3,0.11542069559011771,0.0195
0,-0.3,0.11481575552527094,0.0207
0,-0.3,0.11394725685687736,0.0199
0,-0.3,0.11545450403870586,0.0208
0,-0.3,0.11359942138639674,0.0199
0,-0.3,0.11482204731654479,0.0191
0,-0.3,0.11401799254114117,0.0194
0,-0.3,0.1146819214307225,0.0193
0,-0.3,0.11490174952535344,0.0197
0,-0.3,0.11422536954650946,0.0222
0,-0.3,0.11442798443591927,0.0196
0,-0.3,0.11444144489539024,0.0211
0,-0.3,0.11456240866635949,0.0214
0,-0.3,0.11472144654271457,0.0221
0,-0.3,0.11470364404514148,0.0227
0,-0.3,0.11478754312175607,0.0194
0,-0.3,0.11524202634397085,0.0212
0,-0.3,0.11493172958515196,0.0209
0,-0.3,0.11433905223167283,0.0214
0,-0.3,0.11472942093260972,0.0211
0,-0.3,0.11490157930717804,0.0215
0,-0.3,0.11467202546115324,0.0218
0,-0.3,0.11389958118283963,0.0216
0,-0.3,0.11483699175970605,0.023
0,-0.3,0.11445071171784672,0.0217
0,-0.3,0.11393647340434762,0.0199
0,-0.3,0.11496302234028566,0.0215
0,-0.3,0.11457265803441057,0.0212
0,-0.3,0.11382570478774914,0.0216
0,-0.3,0.11514150984816043,0.0188
0,-0.3,0.1145602687429977,0.0187
0,-0.3,0.11419863589082928,0.0218
0,-0.3,0.11520518867470068,0.0226
0,-0.3,0.11443802078414164,0.02
0,-0.3,0.11500044395669987,0.0235
0,-0.3,0.11442543811097593,0.0215
0,-0.3,0.11445650160186417,0.0195
0,-0.3,0.1148497924868632,0.0189
0,-0.3,0.1140645427167672,0.0205
0,-0.3,0.11434410995731008,0.0216
0,-0.3,0.11466361779652678,0.0188
0,-0.3,0.11459030774555377,0.0204
0,-0.4,0.12954508257514818,0.0221
0,-0.4,0.12963914248271385,0.0214
0,-0.4,0.12955744933347643,0.0215
0,-0.4,0.12919207464285462,0.0206
0,-0.4,0.1295740175742365,0.0205
0,-0.4,0.1292064884752669,0.0215
0,-0.4,0.12965783347302387,0.0233
0,-0.4,0.12918720254295493,0.0197
0,-0.4,0.1297611279601097,0.019
0,-0.4,0.129528948192443,0.0185
0,-0.4,0.12895528175973936,0.0183
0,-0.4,0.13012369901751333,0.021
0,-0.4,0.1301185427605448,0.0219
0,-0.4,0.12898120298172647,0.021
0,-0.4,0.12925384930599457,0.0209
0,-0.4,0.12881020744969762,0.0226
0,-0.4,0.12969147343186613,0.0208
0,-0.4,0.12910532069322614,0.0218
0,-0.4,0.1294471798347859,0.0234
0,-0.4,0.12879434222135844,0.0218
0,-0.4,0.1290884632716693,0.0195
0,-0.4,0.13000573867294657,0.0216
0,-0.4,0.12913298270693316,0.0204
0,-0.4,0.12904548447081285,0.0212
0,-0.4,0.12980617309964548,0.021
0,-0.4,0.12918571695395506,0.0222
0,-0.4,0.12983449987525586,0.0227
0,-0.4,0.1299307238236591,0.0218
0,-0.4,0.12948093390399215,0.0219
0,-0.4,0.1300087177491716,0.0217
0,-0.4,0.1289176044268173,0.0203
0,-0.4,0.12965712009608524,0.022
0,-0.4,0.12980059338185146,0.0201
0,-0.4,0.12930743016381185,0.0229
0,-0.4,0.12925564476050158,0.0191
0,-0.4,0.12937981323123354,0.0219
0,-0.4,0.12813213633250822,0.0192
0,-0.4,0.12997186952474984,0.0196
0,-0.4,0.12948843258488577,0.0208
0,-0.4,0.1292238252440141,0.0209
0,-0.4,0.1298505956995009,0.0197
0,-0.4,0.129350908155555,0.0234
0,-0.4,0.1291270700153424,0.0188
0,-0.4,0.1295785431442922,0.0212
0,-0.4,0.1298422351043463,0.0199
0,-0.4,0.13040460008819862,0.0192
0,-0.4,0.12962784119181553,0.023
0,-0.4,0.12976782011629726,0.0202
0,-0.4,0.12886399074741972,0.0196
0,-0.4,0.1293397601958339,0.0202
0,-0.4,0.12946852009911305,0.0201
0,-0.4,0.1295237370867343,0.0204
0,-0.4,0.12832957206050383,0.0204
0,-0.4,0.1293809896728031,0.0222
0,-0.4,0.12997097363941745,0.0214
0,-0.4,0.1300719514482615,0.0197
0,-0.4,0.1287166318771852,0.0229
0,-0.4,0.13043684208203954,0.0226
0,-0.4,0.12929681418296268,0.0202
0,-0.4,0.13008564664913455,0.0205
0,-0.4,0.1293760032223599,0.0205
0,-0.4,0.1290126788506979,0.0212
0,-0.4,0.1293492036498276,0.022
0,-0.4,0.12979888862310238,0.0202
0,-0.4,0.12900202527430754,0.0226
0,-0.4,0.12920559947761256,0.0196
0,-0.4,0.12952926089199615,0.0199
0,-0.4,0.12971892283215766,0.0194
0,-0.4,0.12928513618107926,0.023
0,-0.4,0.12968211483290712,0.0195
0,-0.4,0.1281478523737111,0.0201
0,-0.4,0.12989681991656074,0.0212
0,-0.4,0.12919541139460636,0.0231
0,-0.4,0.1284790156638461,0.0209
0,-0.4,0.12963556329313844,0.0242
0,-0.4,0.12855579443363255,0.0209
0,-0.4,0.129190286196244,0.022
0,-0.4,0.1292405864273315,0.0208
0,-0.4,0.13040416426514437,0.0195
0,-0.4,0.1297530898158372,0.0235
0,-0.4,0.13029139556744868,0.0202
0,-0.4,0.12888677513385063,0.0217
0,-0.4,0.12963048281569015,0.0234
0,-0.4,0.12919061276473376,0.0213
0,-0.4,0.1298335059371893,0.0239
0,-0.4,0.12882783386232538,0.0231
0,-0.4,0.12904532058791007,0.0208
0,-0.4,0.12897620982057337,0.0194
0,-0.4,0.12941740599667187,0.02
0,-0.4,0.1294409134914394,0.0208
0,-0.4,0.12909467868035437,0.0213
0,-0.5,0.14395858687932073,0.0212
0,-0.5,0.143651830430657,0.0226
0,-0.5,0.14387221937315547,0.0226
0,-0.5,0.14414849970398744,0.0213
0,-0.5,0.14554226722596297,0.0228
0,-0.5,0.14409049109722896,0.0216
0,-0.5,0.14440768412848884,0.0217
0,-0.5,0.1441768428062283,0.0221
0,-0.5,0.1446319874093014,0.0198
0,-0.5,0.1447288683507901,0.0217
0,-0.5,0.14523561746792243,0.0222
0,-0.5,0.14539417555665826,0.022
0,-0.5,0.14488070652646048,0.023
0,-0.5,0.14386618115148345,0.0219
0,-0.5,0.14329147078372917,0.0213
0,-0.5,0.1444909586527036,0.0215
0,-0.5,0.14373922239148593,0.0208
0,-0.5,0.1441015469716964,0.0239
0,-0.5,0.14534679578883353,0.0213
0,-0.5,0.14482642768372667,0.021
0,-0.5,0.14453873297508107,0.0235
0,-0.5,0.14458258812240127,0.0203
0,-0.5,0.1452779698454536,0.02
0,-0.5,0.1450727370064338,0.0215
0,-0.5,0.1443977764327998,0.0209
0,-0.5,0.14466786307451096,0.0201
0,-0.5,0.1438538425044072,0.0191
0,-0.5,0.14429971607894582,0.0205
0,-0.5,0.14404114170876806,0.0216
0,-0.5,0.14397229923915686,0.02
0,-0.5,0.14486740550937172,0.0218
0,-0.5,0.14471189402113585,0.0214
0,-0.5,0.1445815402690207,0.0213
0,-0.5,0.14396649750653795,0.0227
0,-0.5,0.1448491612738768,0.0244
0,-0.5,0.1445907411599435,0.0222
0,-0.5,0.14452346702990504,0.0236
0,-0.5,0.1439119783238907,0.0217
0,-0.5,0.14503323659354767,0.0222
0,-0.5,0.1448850440337015,0.0192
0,-0.5,0.1443593506806256,0.0209
0,-0.5,0.14416459659074157,0.0192
0,-0.5,0.1443738178983219,0.0216
0,-0.5,0.14488221598487563,0.0196
0,-0.5,0.14401117256715362,0.0209
0,-0.5,0.1441928565286121,0.0195
0,-0.5,0.1442524703845436,0.0217
0,-0.5,0.14388724677370296,0.0228
0,-0.5,0.14527697903728395,0.024
0,-0.5,0.14442951367436951,0.0215
0,-0.5,0.14430828312692404,0.0204
0,-0.5,0.14368424295053828,0.0193
0,-0.5,0.14456262996097938,0.0217
0,-0.5,0.1447064201794026,0.0199
0,-0.5,0.14471044923859694,0.022
0,-0.5,0.14370269737173846,0.0217
0,-0.5,0.14493564733529427,0.0207
0,-0.5,0.14485711268739548,0.0238
0,-0.5,0.1444568228120343,0.0199
0,-0.5,0.14459441966250386,0.0221
0,-0.5,0.1443090814751924,0.0219
0,-0.5,0.14517110939148473,0.0214
0,-0.5,0.14465447541138804,0.0213
0,-0.5,0.14383114608537542,0.0218
0,-0.5,0.14476386194264407,0.0216
0,-0.5,0.1444369730345887,0.0218
0,-0.5,0.14437501813054363,0.0226
0,-0.5,0.14488784672159577,0.0221
0,-0.5,0.14478787751007255,0.0212
0,-0.5,0.14389699606516887,0.0218
0,-0.5,0.14468558775558998,0.0204
0,-0.5,0.14528861929866102,0.02
0,-0.5,0.14422468151316367,0.0221
0,-0.5,0.14431914333251214,0.0205
0,-0.5,0.14416383990738751,0.0221
0,-0.5,0.14568877137710778,0.0214
0,-0.5,0.14428778482959426,0.0196
0,-0.5,0.14455408111853754,0.023
0,-0.5,0.1442487396587791,0.0205
0,-0.5,0.14414353032965813,0.0222
0,-0.5,0.143771899299256,0.0239
0,-0.5,0.14439170048741318,0.0248
0,-0.5,0.14440214561182588,0.0194
0,-0.5,0.1441987425972712,0.0196
0,-0.5,0.14476028833515203,0.0196
0,-0.5,0.14468614888816309,0.0219
0,-0.5,0.1440459742763662,0.0218
0,-0.5,0.14399444428215993,0.0214
0,-0.5,0.1447629107505381,0.0222
0,-0.5,0.14374290614514326,0.0211
0,-0.5,0.1444743304255164,0.0217
0,-0.6,0.15911683004574326,0.0225
0,-0.6,0.15954499213228132,0.0221
0,-0.6,0.1592708789067447,0.0205
0,-0.6,0.15810811131592672,0.0223
0,-0.6,0.15867591488726443,0.0217
0,-0.6,0.15909327744804086,0.0244
0,-0.6,0.15834015820568959,0.0221
0,-0.6,0.1589773547166294,0.023
0,-0.6,0.15916016026716723,0.0228
0,-0.6,0.15815504291247254,0.0201
0,-0.6,0.15884434362687871,0.0229
0,-0.6,0.1600718558362415,0.0233
0,-0.6,0.15919494678847854,0.0195
0,-0.6,0.16009214046879955,0.0225
0,-0.6,0.15909965471118423,0.0208
0,-0.6,0.15982327649740155,0.024
0,-0.6,0.16004406287148898,0.021
0,-0.6,0.15933291665135216,0.0225
0,-0.6,0.159332649312055,0.0237
0,-0.6,0.15860691513756148,0.0212
0,-0.6,0.1598354537824953,0.021
0,-0.6,0.15891990861793476,0.0208
0,-0.6,0.1591621188939929,0.0229
0,-0.6,0.15895837414631098,0.0226
0,-0.6,0.15934714627578553,0.0204
0,-0.6,0.15993582863522118,0.0231
0,-0.6,0.1589592183150353,0.0231
0,-0.6,0.1597850825061399,0.0229
0,-0.6,0.15930702555191115,0.0216
0,-0.6,0.1603368402739608,0.0214
0,-0.6,0.1590544928923496,0.0192
0,-0.6,0.15872471885447617,0.0227
0,-0.6,0.1586973116107582,0.0202
0,-0.6,0.15954837642979608,0.0221
0,-0.6,0.15910126012136055,0.0217
0,-0.6,0.15876650540674062,0.0202
0,-0.6,0.1588471825311847,0.0212
0,-0.6,0.16015294444916034,0.0204
0,-0.6,0.1596254584995815,0.0202
0,-0.6,0.15805999243292596,0.0193
0,-0.6,0.1591373850358928,0.0231
0,-0.6,0.15986062865089656,0.0214
0,-0.6,0.15992093439593505,0.0222
0,-0.6,0.15876271414981985,0.0236
0,-0.6,0.1589732784312148,0.0222
0,-0.6,0.1583249182480313,0.0219
0,-0.6,0.16036994965629484,0.0231
0,-0.6,0.15864927682681168,0.0214
0,-0.6,0.15782474408330183,0.0209
0,-0.6,0.1598527470768568,0.0208
0,-0.6,0.16005607161867363,0.022
0,-0.6,0.15982040362656647,0.0196
0,-0.6,0.15878127491737382,0.0205
0,-0.6,0.15982569786495313,0.0216
0,-0.6,0.15936866057817464,0.0221
0,-0.6,0.15928135630005538,0.0206
0,-0.6,0.15952787014441458,0.0208
0,-0.6,0.15999517619606174,0.0213
0,-0.6,0.1584806630558913,0.0216
0,-0.6,0.1597601987275747,0.0226
0,-0.6,0.15841287376460036,0.0216
0,-0.6,0.15942687242911127,0.0221
0,-0.6,0.15885273640645864,0.0224
0,-0.6,0.15844399543466908,0.0221
0,-0.6,0.1596963184159138,0.0219
0,-0.6,0.15942031866284867,0.0223
0,-0.6,0.15855050777717672,0.0227
0,-0.6,0.15804657834066266,0.0225
0,-0.6,0.15945917483503957,0.0215
0,-0.6,0.15881458159554204,0.0203
0,-0.6,0.15836011852049936,0.0221
0,-0.6,0.15934908806458536,0.0208
0,-0.6,0.1597659514635293,0.0213
0,-0.6,0.15875171085264642,0.0218
0,-0.6,0.15946604614793158,0.0213
0,-0.6,0.1599404659588,0.0232
0,-0.6,0.15912051916880446,0.0233
0,-0.6,0.158842440664597,0.0236
0,-0.6,0.15932468481813902,0.0238
0,-0.6,0.15860755097254745,0.0222
0,-0.6,0.16026094010691175,0.0217
0,-0.6,0.1588103777997143,0.0239
0,-0.6,0.15964158078075188,0.0224
0,-0.6,0.15940417060538425,0.0221
0,-0.6,0.16003731994637793,0.0236
0,-0.6,0.1593390521335743,0.0224
0,-0.6,0.1575291998669503,0.0243
0,-0.6,0.15888653306859254,0.0226
0,-0.6,0.15943766619788094,0.0206
0,-0.6,0.15887638163887063,0.0234
0,-0.6,0.15919294074576354,0.0241
0,-0.7,0.17389745833307296,0.0223
0,-0.7,0.1723725585304999,0.0232
0,-0.7,0.17165566159425044,0.0224
0,-0.7,0.17297428787094885,0.0224
0,-0.7,0.1716529320986395,0.0231
0,-0.7,0.17286731559948373,0.0215
0,-0.7,0.17162307680455607,0.0202
0,-0.7,0.17241970160603026,0.0226
0,-0.7,0.1726040504973014,0.0212
0,-0.7,0.17267412831672324,0.0243
0,-0.7,0.17175141809992728,0.0207
0,-0.7,0.1722492200629493,0.0235
0,-0.7,0.17310778727983747,0.0232
0,-0.7,0.1726596615717527,0.0218
0,-0.7,0.17308102447593193,0.0229
0,-0.7,0.17250123534294573,0.0264
0,-0.7,0.17293847961398118,0.0208
0,-0.7,0.17239827738575245,0.0236
0,-0.7,0.17131316068186112,0.0241
0,-0.7,0.1723985489291504,0.0238
0,-0.7,0.17229744005217146,0.0227
0,-0.7,0.17292630784005883,0.0225
0,-0.7,0.17259558491079008,0.0234
0,-0.7,0.17231429277237317,0.0221
0,-0.7,0.172546482476493,0.024
0,-0.7,0.17288069755858196,0.0231
0,-0.7,0.17220959241889597,0.0238
0,-0.7,0.17197689185653214,0.0221
0,-0.7,0.1732147172206505,0.0216
0,-0.7,0.17274258728236339,0.0228
0,-0.7,0.17302310396974732,0.0245
0,-0.7,0.17211566863856867,0.0234
0,-0.7,0.17315929503160904,0.0236
0,-0.7,0.1719535565957369,0.0213
0,-0.7,0.17149611711481827,0.0217
0,-0.7,0.1725171973708403,0.0219
0,-0.7,0.1726404113516612,0.0221
0,-0.7,0.1729016265198378,0.0234
0,-0.7,0.1730938025642391,0.0221
0,-0.7,0.17140871817647754,0.0218
0,-0.7,0.1723604896689875,0.0229
0,-0.7,0.1721486713697707,0.0237
0,-0.7,0.17278427905627033,0.0206
0,-0.7,0.17215166949839136,0.0248
0,-0.7,0.1728557002891002,0.025
0,-0.7,0.17312211344759718,0.0239
0,-0.7,0.17164531702968086,0.0238
0,-0.7,0.17213393025492152,0.0202
0,-0.7,0.17252104082408012,0.0221
0,-0.7,0.1724739398438749,0.0232
0,-0.7,0.1721789410480825,0.0226
0,-0.7,0.17301350241474792,0.0242
0,-0.7,0.1728648244148886,0.0234
0,-0.7,0.17226571932277276,0.0216
0,-0.7,0.17265919247250128,0.0228
0,-0.7,0.1721109425530199,0.0241
0,-0.7,0.17347005738446805,0.0187
0,-0.7,0.17316966784287158,0.0245
0,-0.7,0.17222385386457206,0.0225
0,-0.7,0.17245573979163217,0.0211
0,-0.7,0.17282470345362128,0.0243
0,-0.7,0.17242916646426884,0.0238
0,-0.7,0.1728964317838769,0.0226
0,-0.7,0.17266159584281895,0.0224
0,-0.7,0.17118490624932833,0.0229
0,-0.7,0.17244820421074525,0.0245
0,-0.7,0.1732678201115126,0.0221
0,-0.7,0.17240799452419622,0.0215
0,-0.7,0.17229138464143615,0.0219
0,-0.7,0.17216206448173327,0.0246
0,-0.7,0.17317539234030646,0.0232
0,-0.7,0.17286460331229628,0.0203
0,-0.7,0.1722812621953014,0.0249
0,-0.7,0.17230524379044704,0.0197
0,-0.7,0.1728378883897084,0.0218
0,-0.7,0.17315794868094345,0.022
0,-0.7,0.17310671759603857,0.0223
0,-0.7,0.1725950639108549,0.0215
0,-0.7,0.1721898442080285,0.0225
0,-0.7,0.17219379719742345,0.021
0,-0.7,0.1731096954934739,0.0233
0,-0.7,0.1717397816817555,0.0233
0,-0.7,0.1721195902829472,0.0228
0,-0.7,0.17175763758980442,0.0215
0,-0.7,0.172658902620504,0.0232
0,-0.7,0.17324376632345986,0.0229
0,-0.7,0.17241960045990246,0.0227
0,-0.7,0.17265631775357462,0.0245
0,-0.7,0.17223500298165184,0.025
0,-0.7,0.1729799119858325,0.0224
0,-0.7,0.1722296355166714,0.0241
0,-0.8,0.1850199436308074,0.023
0,-0.8,0.18351667561892043,0.024
0,-0.8,0.1841145693095611,0.023
0,-0.8,0.18448861758552448,0.0222
0,-0.8,0.18454680042354038,0.0205
0,-0.8,0.18442669808716958,0.0247
0,-0.8,0.18433608175193342,0.0245
0,-0.8,0.18327497640705193,0.0217
0,-0.8,0.1845598398711212,0.0229
0,-0.8,0.18370101376073825,0.0234
0,-0.8,0.18327471712542343,0.0242
0,-0.8,0.18375353463525837,0.0256
0,-0.8,0.18438564941871574,0.0222
0,-0.8,0.1835818920376523,0.0257
0,-0.8,0.18424144292535727,0.0245
0,-0.8,0.1836265309824062,0.0249
0,-0.8,0.18426789071928826,0.0229
0,-0.8,0.18320926168940502,0.0222
0,-0.8,0.18456331030654197,0.0233
0,-0.8,0.1839665583835282,0.0256
0,-0.8,0.18368022747543322,0.0236
0,-0.8,0.1842746895110468,0.0229
0,-0.8,0.1838730429453523,0.0248
0,-0.8,0.1843016753596694,0.0229
0,-0.8,0.183416445092659,0.023
0,-0.8,0.18465288971794463,0.0223
0,-0.8,0.18415070177490667,0.0238
0,-0.8,0.18348680176042084,0.0223
0,-0.8,0.18394897045769443,0.0241
0,-0.8,0.18277901152652495,0.0219
0,-0.8,0.18401067265973142,0.0238
0,-0.8,0.18468536040503863,0.0273
0,-0.8,0.18353734372572686,0.0239
0,-0.8,0.18470537941740675,0.0249
0,-0.8,0.18391664148302173,0.0233
0,-0.8,0.1845977973102122,0.0232
0,-0.8,0.1842590233617871,0.0236
0,-0.8,0.18358289533635516,0.0216
0,-0.8,0.18304601106641036,0.0241
0,-0.8,0.1840305640084853,0.0225
0,-0.8,0.18476789991027,0.0243
0,-0.8,0.18416076953894836,0.023
0,-0.8,0.18390664783868915,0.023
0,-0.8,0.18451451251183157,0.0226
0,-0.8,0.18438993707980364,0.0254
0,-0.8,0.185690261947992,0.0217
0,-0.8,0.1842587117470741,0.0214
0,-0.8,0.18315965928169445,0.0226
0,-0.8,0.18344807420497783,0.0211
0,-0.8,0.18449897857999714,0.0234
0,-0.8,0.18328315870176273,0.0228
0,-0.8,0.18435544298364226,0.0239
0,-0.8,0.18458203419403157,0.0251
0,-0.8,0.18512751817598447,0.0244
0,-0.8,0.18338584739470798,0.0233
0,-0.8,0.18415740860305382,0.0242
0,-0.8,0.18220561595623427,0.0233
0,-0.8,0.1834272744508061,0.021
0,-0.8,0.18428503661011433,0.0255
0,-0.8,0.18484056834522936,0.0258
0,-0.8,0.18382566043800477,0.022
0,-0.8,0.18351722631414252,0.0229
0,-0.8,0.18357647582535871,0.0233
0,-0.8,0.1838819184979377,0.0245
0,-0.8,0.18450135057306657,0.0246
0,-0.8,0.1834042807363541,0.0226
0,-0.8,0.1843406391677685,0.0241
0,-0.8,0.18469319864037778,0.022
0,-0.8,0.18530651869631418,0.025
0,-0.8,0.18429444895677305,0.0226
0,-0.8,0.18473436316405292,0.0241
0,-0.8,0.18410747700538405,0.0236
0,-0.8,0.1839036266512134,0.0227
0,-0.8,0.18434061573394056,0.0239
0,-0.8,0.1839104531555154,0.0254
0,-0.8,0.18244774531106994,0.0239
0,-0.8,0.18342245645981264,0.0234
0,-0.8,0.18238347058346357,0.0219
0,-0.8,0.18358491204402044,0.0236
0,-0.8,0.18305950600325102,0.0228
0,-0.8,0.18297280834665156,0.0237
0,-0.8,0.18399055726821342,0.0245
0,-0.8,0.18356411603405823,0.0238
0,-0.8,0.1841477416925915,0.0223
0,-0.8,0.18374242394891202,0.022
0,-0.8,0.18336935768659268,0.0239
0,-0.8,0.18408651728789188,0.0235
0,-0.8,0.18378839743109818,0.022
0,-0.8,0.1835512652858178,0.0223
0,-0.8,0.1831578162225208,0.0212
0,-0.8,0.18394790466390423,0.0249
0,-0.9,0.19240627706974317,0.0239
0,-0.9,0.19260692895633819,0.024
0,-0.9,0.1924772394260674,0.024
0,-0.9,0.19186416369097894,0.0255
0,-0.9,0.19201455582097157,0.0231
0,-0.9,0.192604359773566,0.0212
0,-0.9,0.19106934276405108,0.0249
0,-0.9,0.19205897006192096,0.024
0,-0.9,0.1912551751840656,0.0247
0,-0.9,0.19160063791601326,0.0238
0,-0.9,0.19197446367530718,0.024
0,-0.9,0.19163493394047665,0.0237
0,-0.9,0.1919628604254365,0.0223
0,-0.9,0.19280193061430811,0.0235
0,-0.9,0.19273485972457893,0.0255
0,-0.9,0.1921595765400856,0.024
0,-0.9,0.19199637784952653,0.0239
0,-0.9,0.19168540458526268,0.0241
0,-0.9,0.19268047663615814,0.0258
0,-0.9,0.1909705280098973,0.0239
0,-0.9,0.1923045246102086,0.0245
0,-0.9,0.19107111377912675,0.0262
0,-0.9,0.19204099887941037,0.0229
0,-0.9,0.19275823144053986,0.0223
0,-0.9,0.19294844021199442,0.0246
0,-0.9,0.19241368295832262,0.0256
0,-0.9,0.19125326827615052,0.0258
0,-0.9,0.1925507653034229,0.0271
0,-0.9,0.19120806481436226,0.026
0,-0.9,0.19264979886767988,0.024
0,-0.9,0.1914201985831128,0.0242
0,-0.9,0.1926740658756995,0.0259
0,-0.9,0.19238626435989037,0.0229
0,-0.9,0.1908625267278119,0.0244
0,-0.9,0.19161024521787814,0.0235
0,-0.9,0.19232888195887118,0.0263
0,-0.9,0.19144145393943418,0.0236
0,-0.9,0.19092975387773625,0.0232
0,-0.9,0.19158572840205884,0.0227
0,-0.9,0.1914600948426678,0.0248
0,-0.9,0.19193702970365117,0.0241
0,-0.9,0.19144598964183768,0.0247
0,-0.9,0.1915370244915636,0.0234
0,-0.9,0.19127729842553606,0.024
0,-0.9,0.1917066206443467,0.0243
0,-0.9,0.19135593389236333,0.0242
0,-0.9,0.1926892289853442,0.0226
0,-0.9,0.1917496953858096,0.0239
0,-0.9,0.191210006332899,0.0252
0,-0.9,0.19191444421551807,0.0225
0,-0.9,0.19320003205135639,0.0243
0,-0.9,0.19200506607115272,0.0253
0,-0.9,0.19243850675424723,0.023
0,-0.9,0.1924488510070956,0.0236
0,-0.9,0.19151496138936105,0.0243
0,-0.9,0.19274526800343778,0.0245
0,-0.9,0.19112371419928348,0.0248
0,-0.9,0.19106209491214837,0.0265
0,-0.9,0.19217520950970998,0.0251
0,-0.9,0.19275845245052856,0.0229
0,-0.9,0.19235403660695508,0.0233
0,-0.9,0.192048518762103,0.0234
0,-0.9,0.19201921117843251,0.0234
0,-0.9,0.19238711937623312,0.0254
0,-0.9,0.1919876238971509,0.0255
0,-0.9,0.19120789221961426,0.0229
0,-0.9,0.19286496971038727,0.0266
0,-0.9,0.19124981964745902,0.0243
0,-0.9,0.1921848087398504,0.0239
0,-0.9,0.19230136787244237,0.0223
0,-0.9,0.19164043572082523,0.0252
0,-0.9,0.1911186118610543,0.0237
0,-0.9,0.19128025375781613,0.0239
0,-0.9,0.19214819765017613,0.0225
0,-0.9,0.1921697191272207,0.0211
0,-0.9,0.19161467050789147,0.0242
0,-0.9,0.19218757813791695,0.0238
0,-0.9,0.19176662733037547,0.0243
0,-0.9,0.1927882643806901,0.0213
0,-0.9,0.19307722291212745,0.0232
0,-0.9,0.19187545130869746,0.0241
0,-0.9,0.19243461707816678,0.0233
0,-0.9,0.19098937417764664,0.0238
0,-0.9,0.19207194463537444,0.0255
0,-0.9,0.19123828058826217,0.0225
0,-0.9,0.19191653472204448,0.0234
0,-0.9,0.19240557080286533,0.0247
0,-0.9,0.19237720754861565,0.0233
0,-0.9,0.19288759648180845,0.0232
0,-0.9,0.19163245195687476,0.0244
0,-0.9,0.19168791295723075,0.0229
0,0,0.0739179648019247,0.0217
0,0,0.07446222064032766,0.021
0,0,0.07418201663044478,0.0191
0,0,0.07375093670238995,0.0178
0,0,0.07430397653826261,0.0217
0,0,0.07432280716156756,0.0192
0,0,0.07391282631787863,0.02
0,0,0.07403819594604998,0.0195
0,0,0.07403942112862431,0.0214
0,0,0.07428383336566995,0.0221
0,0,0.07423210047228307,0.0197
0,0,0.07412434283838107,0.0186
0,0,0.07414110264975098,0.0204
0,0,0.07397744781048812,0.0207
0,0,0.07426421131458324,0.0208
0,0,0.07416666013747697,0.0198
0,0,0.0744786785391735,0.0212
0,0,0.07402516055000805,0.0204
0,0,0.07383881172934731,0.0203
0,0,0.0747672847586706,0.0176
0,0,0.07446532027777324,0.0209
0,0,0.07428222895635017,0.0211
0,0,0.07382852260249691,0.0212
0,0,0.07405308376910653,0.0191
0,0,0.07408656941595622,0.0187
0,0,0.07412376583714796,0.0181
0,0,0.07408388336660805,0.0196
0,0,0.07407713525404891,0.0194
0,0,0.07364916383997755,0.0174
0,0,0.0743615145229034,0.0167
0,0,0.07477335943175313,0.0208
0,0,0.07383341411373423,0.0181
0,0,0.07458078239518044,0.0214
0,0,0.07416964092049075,0.0205
0,0,0.07419765357794991,0.0203
0,0,0.07441045740924386,0.0222
0,0,0.07408756788441735,0.02
0,0,0.07374948210812758,0.0199
0,0,0.07427980525992571,0.0206
0,0,0.07449783864065196,0.019
0,0,0.07463342356157182,0.0198
0,0,0.07473234982416657,0.0192
0,0,0.07370964411721649,0.0215
0,0,0.07427005730600227,0.0194
0,0,0.07455040978270175,0.0194
0,0,0.0739524252378623,0.0197
0,0,0.07427601888537333,0.0231
0,0,0.07396857716681418,0.0206
0,0,0.07410371950680192,0.0174
0,0,0.07442721872073817,0.0213
0,0,0.07366871637477208,0.0208
0,0,0.07391400744906233,0.0214
0,0,0.0737942707520113,0.0189
0,0,0.07415942744453044,0.019
0,0,0.07424733964169297,0.0178
0,0,0.07394788053897527,0.0191
0,0,0.07438970952878128,0.0182
0,0,0.07376904854398363,0.0204
0,0,0.0740661105201114,0.0216
0,0,0.0749620385409562,0.0204
0,0,0.0739807723011694,0.0196
0,0,0.07471670354870569,0.0206
0,0,0.07403638750015683,0.0189
0,0,0.07459661203658839,0.0222
0,0,0.07402153000490859,0.022
0,0,0.0745171736278219,0.0197
0,0,0.07356873916382142,0.0197
0,0,0.07447786134442734,0.0213
0,0,0.07418302134578365,0.0214
0,0,0.07408875969659709,0.0197
0,0,0.07384803639484666,0.0198
0,0,0.07471415274130787,0.0181
0,0,0.07414670823137402,0.0198
0,0,0.07404527322702163,0.0205
0,0,0.07393406967565522,0.0199
0,0,0.07383073333545108,0.0204
0,0,0.07426211101639828,0.0196
0,0,0.07435446754882588,0.0194
0,0,0.07413881574829674,0.0201
0,0,0.07398220777811984,0.022
0,0,0.07429862214039329,0.0188
0,0,0.07418161045427805,0.0204
0,0,0.07409838538243542,0.0174
0,0,0.07414213624001804,0.0207
0,0,0.07374961254338702,0.0217
0,0,0.07453039876628588,0.0204
0,0,0.07389023140712352,0.0185
0,0,0.07448943615735487,0.022
0,0,0.07435422152010474,0.0181
0,0,0.07411228574295134,0.0189
0,0,0.07392375704096216,0.0216
0,0.1,0.06347628696463645,0.0201
0,0.1,0.0623824348674004,0.0202
0,0.1,0.06286213078085513,0.0219
0,0.1,0.062324240717111394,0.0219
0,0.1,0.0632313860186747,0.0187
0,0.1,0.06289513443937104,0.0185
0,0.1,0.06230781018312478,0.0193
0,0.1,0.06295146469512496,0.021
0,0.1,0.06278656796419119,0.0187
0,0.1,0.06352338740706598,0.0206
0,0.1,0.0626575561343302,0.0204
0,0.1,0.06262433211391294,0.0202
0,0.1,0.06245534833954945,0.0204
0,0.1,0.06218990506984512,0.0221
0,0.1,0.06312276401596023,0.0196
0,0.1,0.06178490479419105,0.0196
0,0.1,0.06278805172508038,0.0207
0,0.1,0.062420415708256585,0.0199
0,0.1,0.06244330373975434,0.0207
0,0.1,0.06295085090537293,0.0179
0,0.1,0.06220289154852337,0.0198
0,0.1,0.06254922178909578,0.0192
0,0.1,0.06288246513709063,0.02
0,0.1,0.061921333794894354,0.018
0,0.1,0.0623802657262136,0.0211
0,0.1,0.06258126718144795,0.0201
0,0.1,0.06259805190416654,0.0227
0,0.1,0.06264602906286992,0.0187
0,0.1,0.0630565842518874,0.0191
0,0.1,0.06303913461903135,0.0197
0,0.1,0.06337819495347649,0.0209
0,0.1,0.06252299921745276,0.0189
0,0.1,0.06277993673424972,0.02
0,0.1,0.06276182811999385,0.0215
0,0.1,0.0624793836209558,0.0199
0,0.1,0.06223706720429414,0.0195
0,0.1,0.06313212453393037,0.0189
0,0.1,0.0632759567794683,0.0213
0,0.1,0.06300288073106783,0.0189
0,0.1,0.062386097621615566,0.019
0,0.1,0.06370908699216901,0.0198
0,0.1,0.06232292614281436,0.0199
0,0.1,0.06282068213934244,0.0195
0,0.1,0.0624212213418881,0.0217
0,0.1,0.06311332025501652,0.0214
0,0.1,0.06310681774684768,0.0217
0,0.1,0.06217129510698035,0.0182
0,0.1,0.06326409702390888,0.0202
0,0.1,0.062344018236378446,0.0188
0,0.1,0.06290237400374431,0.0202
0,0.1,0.06307105387575175,0.0197
0,0.1,0.06354080458293208,0.0233
0,0.1,0.06281189283843876,0.0203
0,0.1,0.06320165100794722,0.0198
0,0.1,0.062415064508412804,0.0205
0,0.1,0.06260973413589443,0.02
0,0.1,0.06202134896739559,0.0189
0,0.1,0.06212971608835923,0.0183
0,0.1,0.0624307969574101,0.0191
0,0.1,0.06312677743234943,0.0204
0,0.1,0.06322520638633167,0.0191
0,0.1,0.06344875649946771,0.019
0,0.1,0.0632766839433258,0.0189
0,0.1,0.0630810566337031,0.0211
0,0.1,0.0626313924581815,0.0186
0,0.1,0.06261575919069927,0.0168
0,0.1,0.06300394511360426,0.0223
0,0.1,0.06275996404936678,0.0179
0,0.1,0.06339259717707503,0.0193
0,0.1,0.06258168342559442,0.0204
0,0.1,0.06222771162537099,0.0203
0,0.1,0.06288274604829688,0.021
0,0.1,0.062467880350447556,0.0205
0,0.1,0.06270883691259409,0.0212
0,0.1,0.062384293477465665,0.02
0,0.1,0.0627474561655266,0.0189
0,0.1,0.06263293300775644,0.0194
0,0.1,0.06280415030400824,0.0175
0,0.1,0.06283411383311084,0.0206
0,0.1,0.061996550467805306,0.0198
0,0.1,0.06275810537335691,0.019
0,0.1,0.06231299790969568,0.0205
0,0.1,0.06254330663527083,0.021
0,0.1,0.06334351474047605,0.021
0,0.1,0.06286893567482886,0.0169
0,0.1,0.06256581209269146,0.0194
0,0.1,0.06279762524741948,0.0216
0,0.1,0.06312295514735627,0.0197
0,0.1,0.06350639520700782,0.02
0,0.1,0.06327220075151442,0.0195
0,0.1,0.06311645356462436,0.0202
0,0.2,0.05264899530987064,0.0229
0,0.2,0.0529565122092175,0.0205
0,0.2,0.0524859703626746,0.0206
0,0.2,0.05287838097411207,0.0196
0,0.2,0.0526810893743066,0.0221
0,0.2,0.05241994146387358,0.0199
0,0.2,0.05267188586603455,0.0207
0,0.2,0.05278409278262312,0.02
0,0.2,0.05310719416150935,0.018
0,0.2,0.05303171167699939,0.021
0,0.2,0.052577576674127775,0.0194
0,0.2,0.05268868732678077,0.0198
0,0.2,0.05280792355851571,0.0189
0,0.2,0.052714747095609325,0.02
0,0.2,0.05278196064989968,0.0201
0,0.2,0.052407357098185794,0.0192
0,0.2,0.052897831497499846,0.0224
0,0.2,0.05259649531019147,0.0206
0,0.2,0.052361028109457065,0.0192
0,0.2,0.05242920979730655,0.0187
0,0.2,0.05317011877320725,0.0205
0,0.2,0.05281680981829656,0.0232
0,0.2,0.05257323600639448,0.0209
0,0.2,0.0521654972266082,0.0202
0,0.2,0.05291601817299674,0.0218
0,0.2,0.05262252394300858,0.0195
0,0.2,0.05279035467105174,0.0189
0,0.2,0.05240652897891246,0.0192
0,0.2,0.05242997627106902,0.0206
0,0.2,0.05294795694282986,0.02
0,0.2,0.05287734901875372,0.0205
0,0.2,0.05290341471134807,0.0186
0,0.2,0.052878743325260345,0.0182
0,0.2,0.0528169637277231,0.0209
0,0.2,0.0531552551010811,0.0192
0,0.2,0.05253219411078842,0.0199
0,0.2,0.053018123375636654,0.0195
0,0.2,0.052606096794689035,0.0218
0,0.2,0.05301191612897187,0.0224
0,0.2,0.052606832749950955,0.0204
0,0.2,0.05254137911745343,0.0204
0,0.2,0.05303355311114363,0.0203
0,0.2,0.05308355472373004,0.0237
0,0.2,0.05267182677661536,0.0173
0,0.2,0.05294186812206384,0.0219
0,0.2,0.05368765570941746,0.0208
0,0.2,0.05261508100062393,0.02
0,0.2,0.0527527569899427,0.0206
0,0.2,0.052834177292824074,0.0212
0,0.2,0.05243321294682864,0.0213
0,0.2,0.05304241915653007,0.0209
0,0.2,0.05270220285018137,0.0205
0,0.2,0.05288876519490956,0.0195
0,0.2,0.051985555273021594,0.0196
0,0.2,0.052505980245842486,0.0179
0,0.2,0.05269286171725673,0.0202
0,0.2,0.05273761371077022,0.0198
0,0.2,0.05291427634206228,0.0216
0,0.2,0.05285444239379346,0.0189
0,0.2,0.05287357961616258,0.0188
0,0.2,0.052916543194428275,0.0197
0,0.2,0.052670076563012036,0.0196
0,0.2,0.052695175887482126,0.0212
0,0.2,0.052422797834355495,0.0201
0,0.2,0.052980778259244236,0.0197
0,0.2,0.05308568858867142,0.0228
0,0.2,0.053152032861783084,0.0202
0,0.2,0.052009581682867005,0.0206
0,0.2,0.05243119527840743,0.0223
0,0.2,0.05236890352025079,0.021
0,0.2,0.05258546440493699,0.0196
0,0.2,0.05297256668425861,0.0211
0,0.2,0.05304637207462116,0.0207
0,0.2,0.05301047731915009,0.0189
0,0.2,0.05216309992823144,0.0187
0,0.2,0.05253833384484234,0.0211
0,0.2,0.05316899393413524,0.0213
0,0.2,0.05281818052583074,0.0213
0,0.2,0.053009084860793504,0.0232
0,0.2,0.05246195720757034,0.0199
0,0.2,0.052782304742920595,0.0211
0,0.2,0.053034121294394325,0.0178
0,0.2,0.05276058140826233,0.0199
0,0.2,0.0526742898205959,0.0206
0,0.2,0.052334647030000854,0.0213
0,0.2,0.052586619995484495,0.0197
0,0.2,0.05318188280743567,0.0196
0,0.2,0.05259887750397797,0.0196
0,0.2,0.05250812706086512,0.0185
0,0.2,0.05257822673409078,0.0201
0,0.2,0.052445481861907416,0.02
0,0.3,0.044070272263971616,0.0183
0,0.3,0.043910625016655436,0.0225
0,0.3,0.04438896976970566,0.0201
0,0.3,0.04377378553516883,0.0196
0,0.3,0.043693156993480746,0.02
0,0.3,0.044323883580455435,0.0204
0,0.3,0.04404661564021093,0.0208
0,0.3,0.04382280319013534,0.024
0,0.3,0.044048067308605464,0.0191
0,0.3,0.043739471332811655,0.0199
0,0.3,0.0440556749534679,0.0222
0,0.3,0.044233081012138305,0.0192
0,0.3,0.04400706912938326,0.0182
0,0.3,0.04438634089778881,0.02
0,0.3,0.043492395888354456,0.0211
0,0.3,0.04395470965142953,0.0198
0,0.3,0.0441221914882132,0.0214
0,0.3,0.044035190570928404,0.0212
0,0.3,0.04384804484080895,0.0202
0,0.3,0.04400013009037927,0.023
0,0.3,0.044042659740775154,0.021
0,0.3,0.0440674165362574,0.0192
0,0.3,0.044038476272960744,0.0195
0,0.3,0.04389392452678757,0.0212
0,0.3,0.044144611593570984,0.0207
0,0.3,0.043831903509694604,0.021
0,0.3,0.04413082842813404,0.0205
0,0.3,0.044041009764149514,0.019
0,0.3,0.04365305103308824,0.0199
0,0.3,0.044340383599602254,0.0203
0,0.3,0.044184383977565155,0.0184
0,0.3,0.04386553182021614,0.0197
0,0.3,0.044398362245633795,0.0184
0,0.3,0.04354479971828996,0.0223
0,0.3,0.043921613829626935,0.022
0,0.3,0.044159844610730165,0.0194
0,0.3,0.04406283030950717,0.0207
0,0.3,0.04401322521291487,0.0202
0,0.3,0.04377587633744438,0.0187
0,0.3,0.04438296300254221,0.0202
0,0.3,0.043431768319497986,0.0218
0,0.3,0.04386831221461978,0.0204
0,0.3,0.04382624423854042,0.0202
0,0.3,0.043993606465036285,0.0198
0,0.3,0.0443386465120625,0.021
0,0.3,0.04468042014170584,0.0198
0,0.3,0.04378033128144014,0.0212
0,0.3,0.044271246866579975,0.0219
0,0.3,0.04388191363550125,0.0198
0,0.3,0.04455500484346287,0.0208
0,0.3,0.04388173262895446,0.0193
0,0.3,0.04395532052324764,0.022
0,0.3,0.044027344340109804,0.0223
0,0.3,0.043891432433246044,0.023
0,0.3,0.04397904364857776,0.0213
0,0.3,0.04436596108044953,0.0206
0,0.3,0.043900851687463785,0.0206
0,0.3,0.044291037182466145,0.0195
0,0.3,0.04438452898171897,0.0219
0,0.3,0.04340473608079437,0.0195
0,0.3,0.04418350817382623,0.0202
0,0.3,0.043969794453443706,0.022
0,0.3,0.04362927683081686,0.0204
0,0.3,0.043858534853139196,0.0232
0,0.3,0.04379799356121618,0.0207
0,0.3,0.04355606290577118,0.0217
0,0.3,0.043839684320335325,0.0187
0,0.3,0.04439290479003783,0.0196
0,0.3,0.043939857778095295,0.0212
0,0.3,0.043601465405720075,0.0197
0,0.3,0.043737140149006155,0.0217
0,0.3,0.04443862584141604,0.0213
0,0.3,0.044073890470989,0.021
0,0.3,0.04409545362497147,0.0202
0,0.3,0.044220395837477555,0.0207
0,0.3,0.0439050994189143,0.0211
0,0.3,0.04430517609097661,0.0201
0,0.3,0.04406303343685563,0.0189
0,0.3,0.04386646605020847,0.02
0,0.3,0.04483357481567982,0.0205
0,0.3,0.044488035193628664,0.0225
0,0.3,0.043567893996422594,0.019
0,0.3,0.04421009437547377,0.0202
0,0.3,0.0443293314770422,0.0224
0,0.3,0.04409601763014906,0.0184
0,0.3,0.04383447105894257,0.0185
0,0.3,0.04366007937773257,0.0203
0,0.3,0.04440710060947963,0.0199
0,0.3,0.04383328209065812,0.0199
0,0.3,0.04381981916750455,0.0211
0,0.3,0.04442867439554214,0.0205
0,0.4,0.0368150668065246,0.0223
0,0.4,0.036920968322734476,0.0213
0,0.4,0.036473370060369964,0.0241
0,0.4,0.036502333555482,0.0202
0,0.4,0.03648712855009189,0.0201
0,0.4,0.036452315875827965,0.0203
0,0.4,0.036472470379969764,0.0219
0,0.4,0.03710902156203982,0.0204
0,0.4,0.03668672680054129,0.0211
0,0.4,0.03666302576197767,0.02
0,0.4,0.03700793635443485,0.0205
0,0.4,0.036446486374946865,0.0176
0,0.4,0.036970166164090115,0.0221
0,0.4,0.03712106360031763,0.0198
0,0.4,0.036199726064561746,0.0202
0,0.4,0.036819836644050224,0.021
0,0.4,0.03660619950029507,0.0201
0,0.4,0.03685907879476711,0.0185
0,0.4,0.03655822655140621,0.0198
0,0.4,0.03648443908102242,0.0215
0,0.4,0.03648481122491943,0.0195
0,0.4,0.0366030523762896,0.0212
0,0.4,0.036822257692340314,0.0207
0,0.4,0.03682133600283431,0.0212
0,0.4,0.03657498602531277,0.0212
0,0.4,0.03663169161456996,0.022
0,0.4,0.03667381982197146,0.0215
0,0.4,0.03695741294974155,0.0225
0,0.4,0.036110356084334445,0.0198
0,0.4,0.036723538706698415,0.0228
0,0.4,0.03606382801617487,0.0228
0,0.4,0.036716949829819434,0.0203
0,0.4,0.0369628513702644,0.0211
0,0.4,0.036696310699131936,0.0215
0,0.4,0.03661539189101693,0.0209
0,0.4,0.03620256445030502,0.0218
0,0.4,0.036761559198459956,0.0217
0,0.4,0.03647653354748777,0.0218
0,0.4,0.03637902810607265,0.0196
0,0.4,0.03638213307372258,0.0228
0,0.4,0.03660574454268666,0.0192
0,0.4,0.03655671636532367,0.022
0,0.4,0.03645375961664921,0.0209
0,0.4,0.03649710542047841,0.022
0,0.4,0.03652920123856325,0.0211
0,0.4,0.036584254602728156,0.0225
0,0.4,0.036634976598600405,0.0209
0,0.4,0.03652845165335769,0.0226
0,0.4,0.03674633811948675,0.0227
0,0.4,0.03663033304932226,0.0192
0,0.4,0.03661727321366612,0.0217
0,0.4,0.03645343414909139,0.0194
0,0.4,0.03703285424357001,0.0199
0,0.4,0.03654600864870966,0.0215
0,0.4,0.036653389046622124,0.0196
0,0.4,0.03636796405806563,0.0197
0,0.4,0.036743127639834866,0.021
0,0.4,0.03654260846714494,0.0214
0,0.4,0.037046848468901654,0.0203
0,0.4,0.03642355623768428,0.0201
0,0.4,0.03729335334035865,0.021
0,0.4,0.036875487942213805,0.0217
0,0.4,0.03623084686227523,0.0234
0,0.4,0.03679119995110391,0.0199
0,0.4,0.03646742789666897,0.02
0,0.4,0.03679081569164892,0.0214
0,0.4,0.03618085982853659,0.0195
0,0.4,0.0366908627761827,0.0219
0,0.4,0.0365856589466734,0.0221
0,0.4,0.03608348375727031,0.0207
0,0.4,0.03644589120367673,0.0218
0,0.4,0.03656511559813435,0.0206
0,0.4,0.03684800884140764,0.0216
0,0.4,0.03715384789578156,0.022
0,0.4,0.03610364719674365,0.0229
0,0.4,0.0368921642416892,0.0216
0,0.4,0.036631000416374467,0.0229
0,0.4,0.036499936717639354,0.0219
0,0.4,0.036410590192911964,0.0223
0,0.4,0.036473070567368926,0.0177
0,0.4,0.03675232542456729,0.0235
0,0.4,0.036883026017520144,0.0214
0,0.4,0.036446446912367016,0.0223
0,0.4,0.03662786982229131,0.0215
0,0.4,0.036669895559165354,0.0232
0,0.4,0.03685221564850246,0.0199
0,0.4,0.036893123197080296,0.0198
0,0.4,0.036510612436904163,0.0206
0,0.4,0.03679855808659783,0.0209
0,0.4,0.03688543319333567,0.0212
0,0.4,0.036760659757117856,0.0203
0,0.5,0.03067965159207963,0.0202
0,0.5,0.03057428332306637,0.0217
0,0.5,0.030424504736524128,0.0227
0,0.5,0.031053162126096216,0.0226
0,0.5,0.030946769525618076,0.0242
0,0.5,0.03076470198856784,0.0207
0,0.5,0.03097817702433239,0.0188
0,0.5,0.030665670340598406,0.0227
0,0.5,0.03098475288799142,0.0203
0,0.5,0.030586219887541337,0.0225
0,0.5,0.0306329501435599,0.0197
0,0.5,0.030784705699030638,0.0207
0,0.5,0.030637295007917127,0.0223
0,0.5,0.030857284035816505,0.0235
0,0.5,0.030586278182112684,0.021
0,0.5,0.030684918005499145,0.023
0,0.5,0.030893360415197555,0.0203
0,0.5,0.03052236334465318,0.0219
0,0.5,0.030877476533981315,0.0207
0,0.5,0.030596218095096363,0.0209
0,0.5,0.031071414501838267,0.021
0,0.5,0.030662602463741265,0.0222
0,0.5,0.030707084041509184,0.0234
0,0.5,0.030762054529029484,0.0228
0,0.5,0.030853605620262278,0.0198
0,0.5,0.030432538527682813,0.0219
0,0.5,0.030129790830105318,0.0207
0,0.5,0.030744127361437074,0.0219
0,0.5,0.03122791959013142,0.0216
0,0.5,0.030787399851083763,0.0205
0,0.5,0.03099468403534059,0.0222
0,0.5,0.030618479256011646,0.0223
0,0.5,0.030423432094998627,0.0212
0,0.5,0.030989006180404444,0.0208
0,0.5,0.03100560660148504,0.0209
0,0.5,0.030615067532699807,0.0232
0,0.5,0.03083573593167301,0.0221
0,0.5,0.030764416112513245,0.024
0,0.5,0.031011778019675414,0.0191
0,0.5,0.03095322234372576,0.0209
0,0.5,0.03073619030572203,0.0223
0,0.5,0.03068783767820017,0.021
0,0.5,0.030662849634938066,0.0216
0,0.5,0.0308950961791049,0.0199
0,0.5,0.030507187921351143,0.0225
0,0.5,0.030946617700718108,0.0225
0,0.5,0.03043437285622957,0.0239
0,0.5,0.031008435036418282,0.0232
0,0.5,0.03048187291042905,0.0223
0,0.5,0.030820622737476294,0.0196
0,0.5,0.030741365206834025,0.0215
0,0.5,0.03089387403058115,0.0202
0,0.5,0.030704065905607425,0.0236
0,0.5,0.03114572167603064,0.021
0,0.5,0.030498826607077503,0.0179
0,0.5,0.030664559760630934,0.0229
0,0.5,0.030694838493115162,0.0203
0,0.5,0.030510352637341063,0.0196
0,0.5,0.03113658867348711,0.0213
0,0.5,0.030716987645101286,0.0236
0,0.5,0.030927648061952237,0.0196
0,0.5,0.03039235399529043,0.0196
0,0.5,0.03081779879449283,0.0234
0,0.5,0.030816981806333073,0.0208
0,0.5,0.030939937352108416,0.0215
0,0.5,0.030483826669764097,0.0214
0,0.5,0.030932643950142155,0.0218
0,0.5,0.030966265380762345,0.0211
0,0.5,0.031002549947805685,0.0196
0,0.5,0.030707908391776388,0.0223
0,0.5,0.03129060275444002,0.0215
0,0.5,0.030936637319317596,0.0205
0,0.5,0.030499485199445814,0.0211
0,0.5,0.03080573856073043,0.0215
0,0.5,0.030407888769801092,0.0201
0,0.5,0.030678470461080184,0.0245
0,0.5,0.030693653464319078,0.0207
0,0.5,0.030832613700033075,0.021
0,0.5,0.030991084373594182,0.0209
0,0.5,0.030602166119750075,0.0195
0,0.5,0.030616470617937944,0.0226
0,0.5,0.030846419191536186,0.0204
0,0.5,0.031072658748569848,0.0242
0,0.5,0.030896667185959285,0.0211
0,0.5,0.030774463791008108,0.0207
0,0.5,0.03049844543583288,0.0227
0,0.5,0.030768665124175556,0.0222
0,0.5,0.030723448876758444,0.0212
0,0.5,0.03073004251552429,0.0228
0,0.5,0.03026364671592609,0.0225
0,0.5,0.03073134800476161,0.0218
0,0.6,0.026307369008738788,0.0203
0,0.6,0.026064330463478155,0.0238
0,0.6,0.025897795787084094,0.0203
0,0.6,0.026006860658791865,0.022
0,0.6,0.026411826936424677,0.0217
0,0.6,0.026520348604052644,0.0223
0,0.6,0.0261243471495261,0.0229
0,0.6,0.026085790722136,0.0216
0,0.6,0.026048191404975548,0.0204
0,0.6,0.026254298390505845,0.021
0,0.6,0.026020869256152167,0.021
0,0.6,0.026087122747871207,0.0212
0,0.6,0.025955625485287005,0.0219
0,0.6,0.02599165747711291,0.022
0,0.6,0.026169659023173693,0.022
0,0.6,0.025966860244690353,0.0224
0,0.6,0.02620375046707649,0.0199
0,0.6,0.026010733616098385,0.0229
0,0.6,0.025765965937711917,0.0229
0,0.6,0.026346107689206838,0.0228
0,0.6,0.025973154819219014,0.0226
0,0.6,0.026056246847124643,0.0217
0,0.6,0.026160468573217056,0.022
0,0.6,0.02616338613034341,0.0207
0,0.6,0.026350013031124265,0.0202
0,0.6,0.02606218526508223,0.0223
0,0.6,0.026193694778698276,0.0249
0,0.6,0.026257732395453925,0.0196
0,0.6,0.026134177311157716,0.0204
0,0.6,0.026128922648715653,0.0216
0,0.6,0.026233762606108036,0.0212
0,0.6,0.026226700416911847,0.0211
0,0.6,0.0257524483295846,0.0229
0,0.6,0.026282254635872318,0.0226
0,0.6,0.02617101043262736,0.0216
0,0.6,0.026357924179963556,0.0205
0,0.6,0.025908666176803243,0.0219
0,0.6,0.026300813729450805,0.0251
0,0.6,0.025911298837283915,0.0229
0,0.6,0.026493686710224888,0.0199
0,0.6,0.026571648214422414,0.0221
0,0.6,0.026394592500331358,0.0207
0,0.6,0.02614199014542224,0.0238
0,0.6,0.02619901357694457,0.0225
0,0.6,0.02619123081189058,0.0193
0,0.6,0.026315941302981018,0.0234
0,0.6,0.026170363208394994,0.0208
0,0.6,0.026076198372553372,0.0222
0,0.6,0.02676524689231302,0.0247
0,0.6,0.026142950249774543,0.0234
0,0.6,0.026173697878360682,0.0234
0,0.6,0.025886143526294154,0.0207
0,0.6,0.026348131292251595,0.0207
0,0.6,0.025966554030286786,0.0201
0,0.6,0.026036059016071877,0.0226
0,0.6,0.025976432600434127,0.0235
0,0.6,0.026413501389391834,0.0222
0,0.6,0.026254839119395124,0.0191
0,0.6,0.02591197709633883,0.0207
0,0.6,0.02618505020527054,0.0204
0,0.6,0.02596085567581098,0.0201
0,0.6,0.026371459959258853,0.0233
0,0.6,0.026535977489253588,0.0225
0,0.6,0.02646374604410794,0.022
0,0.6,0.02632178996769439,0.0223
0,0.6,0.026021436894292826,0.0218
0,0.6,0.025906412006274998,0.0206
0,0.6,0.02631431555981239,0.0215
0,0.6,0.026041001834959426,0.0228
0,0.6,0.02639309024980136,0.0245
0,0.6,0.025755104216583974,0.0222
0,0.6,0.026129378114973532,0.0209
0,0.6,0.02644535576097726,0.0206
0,0.6,0.02607464060709965,0.0179
0,0.6,0.026111531531134952,0.0197
0,0.6,0.02642650784193184,0.024
0,0.6,0.02595464301427131,0.0208
0,0.6,0.026596452680188534,0.0233
0,0.6,0.0259912706007831,0.0209
0,0.6,0.0261258146144952,0.0224
0,0.6,0.025889569908386256,0.0217
0,0.6,0.026293007591097473,0.0222
0,0.6,0.025812989099580963,0.0249
0,0.6,0.026040129718902495,0.0218
0,0.6,0.026141397253867778,0.0212
0,0.6,0.026570785457587155,0.0197
0,0.6,0.026123528832579825,0.0207
0,0.6,0.02617181360628921,0.023
0,0.6,0.02625998688086051,0.0232
0,0.6,0.026173150353467137,0.0231
0,0.6,0.026050728753368668,0.0225
0,0.7,0.022917924758688438,0.0206
0,0.7,0.022970804534604837,0.0243
0,0.7,0.022854284975327988,0.0232
0,0.7,0.022808329989968647,0.0239
0,0.7,0.022804167633028467,0.0249
0,0.7,0.02330270284099888,0.0233
0,0.7,0.023363091766244216,0.0223
0,0.7,0.023239393534246974,0.0239
0,0.7,0.023412922162196315,0.0213
0,0.7,0.022634608007012898,0.0239
0,0.7,0.02282806400653994,0.0226
0,0.7,0.023064378399477063,0.0253
0,0.7,0.022619163282604247,0.0213
0,0.7,0.022458474761515686,0.0252
0,0.7,0.02313346883291682,0.0213
0,0.7,0.023213639679961266,0.0222
0,0.7,0.023151618359499547,0.0186
0,0.7,0.023074820967978214,0.0204
0,0.7,0.02320612173303409,0.0223
0,0.7,0.023386173734391728,0.0216
0,0.7,0.02301811256528481,0.0211
0,0.7,0.02323375719604247,0.0233
0,0.7,0.023367530640523278,0.0223
0,0.7,0.02306469906673039,0.0249
0,0.7,0.023000027240368433,0.0235
0,0.7,0.023349105420866774,0.0207
0,0.7,0.02329529427183135,0.0217
0,0.7,0.023269609887296674,0.0222
0,0.7,0.022772713588294035,0.0241
0,0.7,0.023206396699164307,0.0231
0,0.7,0.022986709549161672,0.023
0,0.7,0.022842569174520096,0.0227
0,0.7,0.02311591324309978,0.0221
0,0.7,0.0232682419464146,0.0235
0,0.7,0.022791621432779803,0.0241
0,0.7,0.0231685008132113,0.0219
0,0.7,0.023378079481763858,0.019
0,0.7,0.022670905751409922,0.0235
0,0.7,0.022938342848530295,0.0219
0,0.7,0.0230163748098481,0.0237
0,0.7,0.02289953366315937,0.0225
0,0.7,0.022772698945177913,0.021
0,0.7,0.023044920297189058,0.0223
0,0.7,0.02306954765023573,0.0239
0,0.7,0.023173720430993635,0.0215
0,0.7,0.023228918821069977,0.0229
0,0.7,0.022997535800066932,0.0241
0,0.7,0.023203330574031206,0.0212
0,0.7,0.023447765949175064,0.0229
0,0.7,0.022751712688366846,0.0224
0,0.7,0.023031279575449023,0.0219
0,0.7,0.02308836850810155,0.024
0,0.7,0.02326132443708583,0.0232
0,0.7,0.02315531653148179,0.0196
0,0.7,0.022913547521979997,0.0241
0,0.7,0.023050040753124987,0.0233
0,0.7,0.023049511381899212,0.0213
0,0.7,0.02293013040799898,0.0231
0,0.7,0.023244188784789382,0.0205
0,0.7,0.023627263079993136,0.021
0,0.7,0.022919034863545056,0.0209
0,0.7,0.022825009330235697,0.0249
0,0.7,0.02308694310822101,0.0204
0,0.7,0.02328983594924133,0.0227
0,0.7,0.02320437282287875,0.0217
0,0.7,0.023123859036231206,0.0229
0,0.7,0.02324549984730374,0.0221
0,0.7,0.023290865421296193,0.0188
0,0.7,0.023167444550580635,0.0237
0,0.7,0.022860944417192382,0.0215
0,0.7,0.02327902121298123,0.0258
0,0.7,0.023085591396510254,0.0234
0,0.7,0.023026584285292265,0.0231
0,0.7,0.022863175425171977,0.023
0,0.7,0.023037660534711655,0.0241
0,0.7,0.02291887085051714,0.0218
0,0.7,0.023107680952031494,0.02
0,0.7,0.023041620100733292,0.02
0,0.7,0.023244358956081533,0.0224
0,0.7,0.022897209905987613,0.0228
0,0.7,0.02306488167923641,0.021
0,0.7,0.02306934918470617,0.0228
0,0.7,0.023068295363092312,0.0232
0,0.7,0.022625255289206263,0.0246
0,0.7,0.023368447658401334,0.0235
0,0.7,0.022781575072087855,0.0225
0,0.7,0.022987126064810678,0.0211
0,0.7,0.023266794384115805,0.0222
0,0.7,0.022719537798352632,0.0214
0,0.7,0.02305029599054086,0.0229
0,0.7,0.02330933473970768,0.0234
0,0.8,0.02151256835487681,0.0249
0,0.8,0.02135354413578052,0.0272
0,0.8,0.02132446984554514,0.0217
0,0.8,0.021239576390350914,0.0242
0,0.8,0.02115933238023811,0.0223
0,0.8,0.021749732251066335,0.0238
0,0.8,0.02129775023695056,0.0262
0,0.8,0.021334200489603466,0.023
0,0.8,0.02135786543053274,0.0215
0,0.8,0.02147241486745561,0.0251
0,0.8,0.021232482122233488,0.0245
0,0.8,0.02148755140903606,0.0214
0,0.8,0.02165630204007761,0.0208
0,0.8,0.021236769554654915,0.0217
0,0.8,0.0212992130249479,0.0229
0,0.8,0.02134184914201774,0.0247
0,0.8,0.021432566715492273,0.0223
0,0.8,0.021823792773829814,0.0246
0,0.8,0.021225137733246014,0.0222
0,0.8,0.021089652324655036,0.0239
0,0.8,0.02161094871641675,0.0245
0,0.8,0.021226297939280242,0.0221
0,0.8,0.021621810728189514,0.0221
0,0.8,0.021211071049536092,0.0215
0,0.8,0.021305601954323516,0.0226
0,0.8,0.02178275999774206,0.0227
0,0.8,0.021392702854206833,0.0219
0,0.8,0.02126923325861822,0.0227
0,0.8,0.021347632530082643,0.0224
0,0.8,0.021628986781539558,0.0222
0,0.8,0.021194197247611426,0.0239
0,0.8,0.021362022596201635,0.0226
0,0.8,0.021464874668034904,0.0251
0,0.8,0.02111141600500432,0.023
0,0.8,0.021345165485915214,0.0222
0,0.8,0.021218558721626642,0.0218
0,0.8,0.02136026841987059,0.0246
0,0.8,0.020897660572718368,0.0234
0,0.8,0.02106764743660243,0.0262
0,0.8,0.021333219167191306,0.0243
0,0.8,0.021218823636015585,0.0249
0,0.8,0.021302999704127013,0.0238
0,0.8,0.021330755046833526,0.0228
0,0.8,0.021357448186571083,0.0228
0,0.8,0.02115348161707741,0.0245
0,0.8,0.021313365671506546,0.0251
0,0.8,0.02164018865547468,0.0231
0,0.8,0.02166381301819558,0.024
0,0.8,0.021414302966555648,0.0218
0,0.8,0.021436026557848695,0.0221
0,0.8,0.02124998577437669,0.024
0,0.8,0.021320049524447694,0.0216
0,0.8,0.021357364056776452,0.0217
0,0.8,0.021334292172576073,0.0252
0,0.8,0.02125600049824144,0.0215
0,0.8,0.021519245730639285,0.0232
0,0.8,0.021648582425528758,0.0237
0,0.8,0.021544185700483404,0.0239
0,0.8,0.021643220831235044,0.0223
0,0.8,0.021345579500594344,0.0234
0,0.8,0.021446463312639243,0.0233
0,0.8,0.02124924968115918,0.0223
0,0.8,0.02141437035274087,0.0234
0,0.8,0.021295528452124134,0.0216
0,0.8,0.0211623334793247,0.0218
0,0.8,0.021650583230890186,0.0222
0,0.8,0.021013583484169783,0.0226
0,0.8,0.021419287358384106,0.0249
0,0.8,0.021236712225364208,0.0242
0,0.8,0.021395540246019668,0.0239
0,0.8,0.021268694800340427,0.0205
0,0.8,0.02186370509658192,0.0246
0,0.8,0.021298633330873028,0.0218
0,0.8,0.02133072678874306,0.0241
0,0.8,0.021553674790668012,0.0207
0,0.8,0.021096163592018637,0.0224
0,0.8,0.021324576153790006,0.0245
0,0.8,0.021478928504828826,0.0239
0,0.8,0.021247326071371295,0.0251
0,0.8,0.021360841960682293,0.024
0,0.8,0.021045360445332586,0.0219
0,0.8,0.021263837610869078,0.0241
0,0.8,0.021762296861588724,0.0259
0,0.8,0.02129711481561611,0.0222
0,0.8,0.02116683245961747,0.0245
0,0.8,0.021425175603633932,0.0244
0,0.8,0.02132741066535159,0.0226
0,0.8,0.021123920219580587,0.0226
0,0.8,0.021263610696965817,0.0209
0,0.8,0.021121782250460627,0.0229
0,0.8,0.021090288411008393,0.0213
0,0.9,0.021072230073663743,0.0243
0,0.9,0.021413684388509407,0.0241
0,0.9,0.02121074986216631,0.0254
0,0.9,0.021460706298559364,0.0232
0,0.9,0.020843796132178145,0.0253
0,0.9,0.02106944920588787,0.0254
0,0.9,0.021062387506693415,0.0249
0,0.9,0.021588104332728487,0.0238
0,0.9,0.021559670603855136,0.0225
0,0.9,0.021404826400647944,0.022
0,0.9,0.02118955261914036,0.0215
0,0.9,0.021295944124666014,0.0244
0,0.9,0.021452635535098376,0.0236
0,0.9,0.0214484295502906,0.0251
0,0.9,0.021559901833129325,0.0263
0,0.9,0.02153186890190252,0.0264
0,0.9,0.021517631939515877,0.0238
0,0.9,0.021469705620157084,0.025
0,0.9,0.02159954825105847,0.0225
0,0.9,0.021403853108173578,0.0251
0,0.9,0.021425734823542826,0.0239
0,0.9,0.0213905394307438,0.0251
0,0.9,0.02133197172712556,0.0219
0,0.9,0.021305348938898294,0.025
0,0.9,0.02159938436291496,0.0253
0,0.9,0.021728389155322082,0.0229
0,0.9,0.021375850795807675,0.0271
0,0.9,0.021525893316713854,0.0262
0,0.9,0.021655487608837756,0.0261
0,0.9,0.021608914685430473,0.0221
0,0.9,0.02135358671684808,0.0271
0,0.9,0.021356150721058738,0.0258
0,0.9,0.021317390788140034,0.0241
0,0.9,0.021080553067825487,0.0246
0,0.9,0.021332745376835462,0.0233
0,0.9,0.021270930518148778,0.0238
0,0.9,0.02146533314742566,0.0253
0,0.9,0.021171395712472348,0.0276
0,0.9,0.020989333955132732,0.0224
0,0.9,0.021390305817984342,0.0246
0,0.9,0.02121934410162624,0.0253
0,0.9,0.02158338002217482,0.0217
0,0.9,0.02162771765229642,0.0232
0,0.9,0.021445538679096307,0.0221
0,0.9,0.021168236094543023,0.0238
0,0.9,0.02132023516520185,0.0234
0,0.9,0.021374590533407154,0.0205
0,0.9,0.02135769211758077,0.0221
0,0.9,0.021572978165137247,0.0232
0,0.9,0.020986217336866106,0.0244
0,0.9,0.021430419919920587,0.0248
0,0.9,0.021367037146798384,0.0238
0,0.9,0.021220894252277665,0.0242
0,0.9,0.02147716657841925,0.0258
0,0.9,0.02135020134349698,0.0237
0,0.9,0.021893806640576424,0.0258
0,0.9,0.021122325335384995,0.0241
0,0.9,0.021332601138924694,0.0244
0,0.9,0.021244691577963905,0.0238
0,0.9,0.02134356292856397,0.0245
0,0.9,0.02143352627525368,0.024
0,0.9,0.021549649588785677,0.0233
0,0.9,0.021502988117093284,0.025
0,0.9,0.02135702209212765,0.0244
0,0.9,0.021318207614322186,0.0224
0,0.9,0.02140660712803279,0.0239
0,0.9,0.020894510666443007,0.0249
0,0.9,0.021305466340204485,0.0227
0,0.9,0.02171137572239307,0.0225
0,0.9,0.02122660293181399,0.0243
0,0.9,0.02161225946957284,0.0238
0,0.9,0.021260806005089155,0.021
0,0.9,0.021442446736971033,0.0264
0,0.9,0.021205908844437737,0.0205
0,0.9,0.021240317836410266,0.0249
0,0.9,0.021202894434638023,0.0217
0,0.9,0.02141589050831406,0.0247
0,0.9,0.02143086198359132,0.0226
0,0.9,0.02116852038008937,0.0259
0,0.9,0.021195699808633443,0.0245
0,0.9,0.021108113021667978,0.0224
0,0.9,0.021177594392764,0.0227
0,0.9,0.021023474648715772,0.0237
0,0.9,0.021134321963400156,0.0238
0,0.9,0.021673145988408526,0.0208
0,0.9,0.021264234458522616,0.0241
0,0.9,0.020995470490338262,0.0233
0,0.9,0.021422367123434503,0.0266
0,0.9,0.021258790793312637,0.0237
0,0.9,0.02135277247287908,0.0249
0,0.9,0.02135105032533863,0.0239
